MUX_OUTPUT.data,MUX_OUTPUT.keep,MUX_OUTPUT.last
66ef438d,ffffffffffffffff,0
1f16e9e8,ffffffffffffffff,1
1190cde7,ffffffffffffffff,0
66ef438d,ffffffffffffffff,1
140e0f76,ffffffffffffffff,0
3352255a,ffffffffffffffff,1
109cf92e,ffffffffffffffff,0
ded7263,ffffffffffffffff,1
7fdcc233,ffffffffffffffff,0
1befd79f,ffffffffffffffff,1
41a7c4c9,ffffffffffffffff,0
6b68079a,ffffffffffffffff,1
4e6afb66,ffffffffffffffff,0
25e45d32,ffffffffffffffff,1
519b500d,ffffffffffffffff,0
431bd7b7,ffffffffffffffff,1
7ae21149,ffffffffffffffff,0
515f007c,ffffffffffffffff,1
5bd062c2,ffffffffffffffff,0
12200854,ffffffffffffffff,1
4db127f8,ffffffffffffffff,0
216231b,ffffffffffffffff,1
1f16e9e8,ffffffffffffffff,0
1190cde7,ffffffffffffffff,1
66ef438d,ffffffffffffffff,0
140e0f76,ffffffffffffffff,1
3352255a,ffffffffffffffff,0
109cf92e,ffffffffffffffff,1
ded7263,ffffffffffffffff,0
7fdcc233,ffffffffffffffff,1
1befd79f,ffffffffffffffff,0
41a7c4c9,ffffffffffffffff,1
2ae8944a,ffffffffffffffff,0
625558ec,ffffffffffffffff,0
238e1f29,ffffffffffffffff,0
46e87ccd,ffffffffffffffff,0
3d1b58ba,ffffffffffffffff,0
507ed7ab,ffffffffffffffff,0
2eb141f2,ffffffffffffffff,0
41b71efb,ffffffffffffffff,0
79e2a9e3,ffffffffffffffff,1
